{
  "mae": 2.8015855220818837,
  "rmse": 8.398578658933433,
  "r2": 0.8218659420891383,
  "precision": 0.8319585448392555,
  "recall": 0.7718041793387619,
  "f1": 0.8007532189933331,
  "threshold": 5.0,
  "tp": 15734,
  "fp": 3178,
  "fn": 4652
}